{"cameraMode":{"drawMode":0,"name":"Shaded","section":"Shading Mode"},"sceneLighting":false,"audioPlay":false,"sceneViewState":{"m_AlwaysRefresh":false,"showFog":false,"showSkybox":false,"showFlares":true,"showImageEffects":true,"showParticleSystems":true,"showVisualEffectGraphs":true,"m_FxEnabled":true},"in2DMode":false,"pivot":{"x":0.948494017124176,"y":1.9141018390655518,"z":-2.202854871749878},"rotation":{"x":-0.3709269165992737,"y":0.1575031876564026,"z":-0.06353732198476792,"w":-0.9130452871322632},"size":0.000017320508050033823,"orthographic":false}