{"cameraMode":{"drawMode":0,"name":"Shaded","section":"Shading Mode"},"sceneLighting":false,"audioPlay":false,"sceneViewState":{"m_AlwaysRefresh":false,"showFog":false,"showSkybox":false,"showFlares":true,"showImageEffects":true,"showParticleSystems":true,"showVisualEffectGraphs":true,"m_FxEnabled":true},"in2DMode":false,"pivot":{"x":1.422818899154663,"y":3.1383907794952394,"z":2.504342794418335},"rotation":{"x":-0.028956841677427293,"y":0.8919155597686768,"z":-0.44778603315353396,"w":-0.05663270503282547},"size":3.5542960166931154,"orthographic":false}