{"cameraMode":{"drawMode":0,"name":"Shaded","section":"Shading Mode"},"sceneLighting":false,"audioPlay":false,"sceneViewState":{"m_AlwaysRefresh":false,"showFog":false,"showSkybox":false,"showFlares":true,"showImageEffects":true,"showParticleSystems":true,"showVisualEffectGraphs":true,"m_FxEnabled":true},"in2DMode":false,"pivot":{"x":0.18336550891399384,"y":14.056938171386719,"z":10.493816375732422},"rotation":{"x":-0.03618926182389259,"y":0.8673966526985169,"z":-0.49236780405044558,"w":-0.06291785091161728},"size":4.0963006019592289,"orthographic":false}